{"action": 
{"mean": 
[0.00021758403454441577, 0.00012507825158536434, -0.00017109014152083546, -0.0001617111702216789, -0.0002524859446566552, 0.0002515816013328731, 0.5879487991333008], 
"std": [0.009632210247218609, 0.013500974513590336, 0.012510341592133045, 0.028145477175712585, 0.03028254210948944, 0.07585873454809189, 0.4877150356769562], 
"max": [0.41691166162490845, 0.25864794850349426, 0.21218234300613403, 3.122201919555664, 1.8618112802505493, 6.280478477478027, 1.0], 
"min": [-0.4007510244846344, -0.13874775171279907, -0.22553899884223938, -3.2010786533355713, -1.8618112802505493, -6.279075622558594, 0.0], 
"p99": [0.028122276067733765, 0.040630316659808145, 0.03994889184832546, 0.08121915772557152, 0.07724379181861864, 0.20214049845933896, 1.0], 
"p01": [-0.028539552688598632, -0.041432044506073, -0.025977383628487588, -0.08020886614918708, -0.09213060349225997, -0.2054861941933632, 0.0]}, 
"num_transitions": 2195527, 
"num_trajectories": 60064, 
"proprio": 
{"mean": [0.30904945731163025, 0.03045589290559292, 0.06558273732662201, 0.00706630339846015, -0.07828629016876221, 0.10661222040653229, 0.7149746417999268], 
"std": [0.06059328466653824, 0.09172434359788895, 0.05185756832361221, 0.1313914805650711, 0.1698099821805954, 0.573583722114563, 0.3517141044139862], 
"max": [0.5862360596656799, 0.4034728705883026, 0.36494991183280945, 1.514088749885559, 1.570796251296997, 3.1415255069732666, 1.1154625415802002], 
"min": [-0.04167502000927925, -0.3945816159248352, -0.15537554025650024, -3.141592502593994, -1.4992541074752808, -3.14153790473938, 0.04637829214334488], 
"p99": [0.4527312242984769, 0.23490807592868757, 0.1973453593254087, 0.37877989292144754, 0.27723048210143925, 1.8378053522109963, 1.0105689764022827], 
"p01": [0.17017078369855881, -0.16965715914964677, -0.054787094071507454, -0.3655692100524902, -0.5435487496852874, -1.3501438736915587, 0.052190229296684265]}}
